-- phpMyAdmin SQL Dump
-- version 4.7.4
-- https://www.phpmyadmin.net/
--
-- Host: localhost
-- Generation Time: Jan 22, 2018 at 12:02 PM
-- Server version: 10.1.26-MariaDB
-- PHP Version: 7.1.9

SET SQL_MODE = "NO_AUTO_VALUE_ON_ZERO";
SET AUTOCOMMIT = 0;
START TRANSACTION;
SET time_zone = "+00:00";


/*!40101 SET @OLD_CHARACTER_SET_CLIENT=@@CHARACTER_SET_CLIENT */;
/*!40101 SET @OLD_CHARACTER_SET_RESULTS=@@CHARACTER_SET_RESULTS */;
/*!40101 SET @OLD_COLLATION_CONNECTION=@@COLLATION_CONNECTION */;
/*!40101 SET NAMES utf8mb4 */;

--
-- Database: `at`
--

-- --------------------------------------------------------

--
-- Table structure for table `admins`
--

CREATE TABLE `admins` (
  `admin_id` int(11) NOT NULL,
  `admin_name` varchar(50) NOT NULL,
  `admin_fingerPrint` text
) ENGINE=InnoDB DEFAULT CHARSET=latin1;

--
-- Dumping data for table `admins`
--

INSERT INTO `admins` (`admin_id`, `admin_name`, `admin_fingerPrint`) VALUES
(0, 'Cigdem Vudali', '[3, 1, 96, 14, 149, 0, 252, 2, 248, 0, 248, 0, 248, 0, 248, 0, 248, 0, 248, 0, 240, 0, 240, 0, 240, 0, 240, 0, 240, 0, 240, 0, 240, 0, 240, 0, 240, 0, 240, 0, 0, 0, 0, 0, 0, 0, 0, 0, 0, 0, 0, 0, 0, 0, 0, 0, 86, 7, 214, 158, 100, 153, 150, 62, 80, 156, 44, 126, 52, 32, 82, 190, 116, 166, 216, 30, 113, 172, 86, 254, 70, 45, 19, 190, 58, 45, 106, 222, 100, 177, 213, 126, 80, 58, 145, 190, 94, 188, 17, 126, 103, 10, 152, 95, 109, 63, 147, 223, 41, 64, 18, 55, 0, 0, 0, 0, 0, 0, 0, 0, 0, 0, 0, 0, 0, 0, 0, 0, 0, 0, 0, 0, 0, 0, 0, 0, 0, 0, 0, 0, 0, 0, 0, 0, 0, 0, 0, 0, 0, 0, 0, 0, 0, 0, 0, 0, 0, 0, 0, 0, 0, 0, 0, 0, 0, 0, 0, 0, 0, 0, 0, 0, 0, 0, 0, 0, 0, 0, 0, 0, 0, 0, 0, 0, 0, 0, 0, 0, 0, 0, 0, 0, 0, 0, 0, 0, 0, 0, 0, 0, 0, 0, 0, 0, 0, 0, 0, 0, 0, 0, 0, 0, 0, 0, 0, 0, 0, 0, 0, 0, 0, 0, 0, 0, 0, 0, 0, 0, 0, 0, 0, 0, 0, 0, 0, 0, 0, 0, 0, 0, 0, 0, 0, 0, 0, 0, 0, 0, 0, 0, 0, 0, 0, 0, 0, 0, 3, 1, 100, 20, 148, 0, 192, 126, 128, 30, 0, 30, 0, 14, 0, 6, 0, 2, 0, 2, 0, 2, 0, 2, 0, 2, 0, 0, 0, 0, 0, 2, 128, 2, 128, 2, 128, 2, 128, 2, 0, 0, 0, 0, 0, 0, 0, 0, 0, 0, 0, 0, 0, 0, 0, 0, 49, 143, 214, 158, 8, 150, 106, 158, 66, 32, 150, 30, 45, 163, 108, 62, 17, 40, 82, 158, 81, 173, 23, 190, 115, 47, 26, 62, 36, 52, 19, 158, 23, 52, 170, 126, 66, 56, 85, 158, 45, 192, 145, 190, 60, 194, 18, 94, 30, 9, 128, 191, 76, 12, 24, 159, 68, 146, 24, 31, 98, 148, 131, 95, 82, 49, 150, 127, 107, 192, 25, 95, 100, 181, 217, 216, 102, 52, 67, 249, 0, 0, 0, 0, 0, 0, 0, 0, 0, 0, 0, 0, 0, 0, 0, 0, 0, 0, 0, 0, 0, 0, 0, 0, 0, 0, 0, 0, 0, 0, 0, 0, 0, 0, 0, 0, 0, 0, 0, 0, 0, 0, 0, 0, 0, 0, 0, 0, 0, 0, 0, 0, 0, 0, 0, 0, 0, 0, 0, 0, 0, 0, 0, 0, 0, 0, 0, 0, 0, 0, 0, 0, 0, 0, 0, 0, 0, 0, 0, 0, 0, 0, 0, 0, 0, 0, 0, 0, 0, 0, 0, 0, 0, 0, 0, 0, 0, 0, 0, 0, 0, 0, 0, 0, 0, 0, 0, 0, 0, 0, 0, 0, 0, 0, 0, 0, 0, 0, 0, 0]'),
(1, 'Mehmet Topal', NULL);

-- --------------------------------------------------------

--
-- Table structure for table `att_record`
--

CREATE TABLE `att_record` (
  `student_id` int(11) DEFAULT NULL,
  `course_id` int(11) DEFAULT NULL,
  `date` varchar(50) DEFAULT NULL,
  `time` varchar(50) DEFAULT NULL,
  `attend` varchar(1) DEFAULT NULL
) ENGINE=InnoDB DEFAULT CHARSET=latin1;

--
-- Dumping data for table `att_record`
--

INSERT INTO `att_record` (`student_id`, `course_id`, `date`, `time`, `attend`) VALUES
(0, 0, '2017/11/29', '08:00', '1'),
(0, 1, '2017/11/29', '09:00', '0'),
(0, 2, '2017/11/29', '10:00', '1'),
(2, 3, '2017/11/29', '11:00', '0'),
(2, 4, '2017/11/29', '12:00', '1'),
(2, 5, '2017/11/29', '13:00', '0'),
(4, 6, '2017/11/29', '14:00', '0'),
(8, 7, '2017/11/29', '15:00', '1'),
(8, 8, '2017/11/29', '16:00', '1'),
(8, 9, '2017/11/29', '17:00', '1'),
(1, 2, '1/1/1111', '08:00', '1'),
(1, 2, '1/1/1111', '08:00', '1'),
(1, 3, '2018-01-21', '23:25', '1'),
(1, 3, '2018-01-21', '23:25', '1'),
(1, 3, '2018-01-21', '23:36', '1'),
(1, 3, '2018-01-21', '23:40', '1'),
(1, 3, '2018-01-21', '23:41', '1'),
(1, 3, '2018-01-21', '23:42', '1'),
(1, 3, '2018-01-21', '23:42', '1'),
(1, 3, '2018-01-21', '23:59', '1'),
(1, 3, '2018-01-22', '00:18', '1'),
(1, 3, '2018-01-22', '01:35', '1'),
(1, 3, '2018-01-22', '01:35', '1'),
(1, 3, '2018-01-22', '01:35', '1'),
(1, 3, '2018-01-22', '01:35', '1'),
(2, 3, '2018-01-22', '01:43', '1'),
(1, 3, '2018-01-22', '01:51', '1'),
(2, 3, '2018-01-22', '01:51', '1'),
(1, 3, '2018-01-22', '01:51', '1'),
(2, 3, '2018-01-22', '01:51', '1'),
(2, 3, '2018-01-22', '01:51', '1'),
(2, 3, '2018-01-22', '03:17', '1'),
(1, 3, '2018-01-22', '03:17', '1'),
(2, 3, '2018-01-22', '09:17', '1'),
(1, 3, '2018-01-22', '09:17', '1'),
(1, 3, '2018-01-22', '09:41', '1'),
(2, 3, '2018-01-22', '09:41', '1'),
(1, 3, '2018-01-22', '09:53', '1'),
(1, 3, '2018-01-22', '09:56', '1'),
(1, 3, '2018-01-22', '09:58', '1'),
(1, 3, '2018-01-22', '10:00', '1'),
(1, 3, '2018-01-22', '10:02', '1'),
(1, 3, '2018-01-22', '11:25', '1'),
(12, 1, '2018-01-22', '11:55', '1'),
(12, 2, '2018-01-22', '11:56', '1'),
(2, 1, '2018-01-22', '12:05', '1'),
(1, 1, '2018-01-22', '12:05', '1'),
(12, 1, '2018-01-22', '12:05', '1'),
(12, 1, '2018-01-22', '12:05', '1'),
(2, 1, '2018-01-22', '12:05', '1'),
(1, 1, '2018-01-22', '12:05', '1'),
(1, 3, '2018-01-22', '12:25', '1'),
(2, 3, '2018-01-22', '12:25', '1'),
(4, 3, '2018-01-22', '12:28', '1'),
(1, 2, '2018-01-22', '12:30', '1');

-- --------------------------------------------------------

--
-- Table structure for table `courses`
--

CREATE TABLE `courses` (
  `id` int(11) NOT NULL,
  `course_code` varchar(20) DEFAULT NULL,
  `course_group` int(11) NOT NULL DEFAULT '1'
) ENGINE=InnoDB DEFAULT CHARSET=latin1;

--
-- Dumping data for table `courses`
--

INSERT INTO `courses` (`id`, `course_code`, `course_group`) VALUES
(0, 'CMPE462\r\n', 0),
(1, 'CMPE371', 0),
(2, 'CMPE423', 0),
(3, 'CMPE412', 0),
(4, 'CMPE324\r\n', 0),
(5, 'CMPE471', 0),
(6, 'CMPE223', 0),
(7, 'CMPE224', 0),
(8, 'CMPE108 ', 0),
(9, 'CMPE343', 0);

-- --------------------------------------------------------

--
-- Table structure for table `enrolment`
--

CREATE TABLE `enrolment` (
  `student_Id` int(11) NOT NULL,
  `course_id` int(11) NOT NULL
) ENGINE=InnoDB DEFAULT CHARSET=latin1;

--
-- Dumping data for table `enrolment`
--

INSERT INTO `enrolment` (`student_Id`, `course_id`) VALUES
(1, 0),
(1, 1),
(1, 2),
(1, 3),
(1, 4),
(2, 1),
(2, 2),
(2, 3),
(2, 4),
(2, 5),
(3, 2),
(3, 3),
(3, 4),
(3, 5),
(3, 6),
(4, 3),
(4, 4),
(4, 5),
(4, 6),
(4, 7),
(5, 4),
(5, 5),
(5, 6),
(5, 7),
(5, 8),
(6, 5),
(6, 6),
(6, 7),
(6, 8),
(6, 9),
(7, 0),
(7, 6),
(7, 7),
(7, 8),
(7, 9),
(8, 0),
(8, 1),
(8, 7),
(8, 8),
(8, 9),
(9, 0),
(9, 1),
(9, 2),
(9, 8),
(9, 9),
(10, 0),
(10, 1),
(10, 2),
(10, 3),
(10, 9),
(11, 0),
(11, 1),
(11, 2),
(11, 3),
(11, 4),
(12, 1),
(12, 2),
(12, 3),
(12, 4),
(12, 5);

-- --------------------------------------------------------

--
-- Table structure for table `instructor`
--

CREATE TABLE `instructor` (
  `instructor_id` int(11) NOT NULL,
  `instructor_name` varchar(50) NOT NULL,
  `instructor_fingerPrint` text
) ENGINE=InnoDB DEFAULT CHARSET=latin1;

--
-- Dumping data for table `instructor`
--

INSERT INTO `instructor` (`instructor_id`, `instructor_name`, `instructor_fingerPrint`) VALUES
(1, 'Muhammed Salamah', '[3, 1, 96, 14, 149, 0, 252, 2, 248, 0, 248, 0, 248, 0, 248, 0, 248, 0, 248, 0, 240, 0, 240, 0, 240, 0, 240, 0, 240, 0, 240, 0, 240, 0, 240, 0, 240, 0, 240, 0, 0, 0, 0, 0, 0, 0, 0, 0, 0, 0, 0, 0, 0, 0, 0, 0, 86, 7, 214, 158, 100, 153, 150, 62, 80, 156, 44, 126, 52, 32, 82, 190, 116, 166, 216, 30, 113, 172, 86, 254, 70, 45, 19, 190, 58, 45, 106, 222, 100, 177, 213, 126, 80, 58, 145, 190, 94, 188, 17, 126, 103, 10, 152, 95, 109, 63, 147, 223, 41, 64, 18, 55, 0, 0, 0, 0, 0, 0, 0, 0, 0, 0, 0, 0, 0, 0, 0, 0, 0, 0, 0, 0, 0, 0, 0, 0, 0, 0, 0, 0, 0, 0, 0, 0, 0, 0, 0, 0, 0, 0, 0, 0, 0, 0, 0, 0, 0, 0, 0, 0, 0, 0, 0, 0, 0, 0, 0, 0, 0, 0, 0, 0, 0, 0, 0, 0, 0, 0, 0, 0, 0, 0, 0, 0, 0, 0, 0, 0, 0, 0, 0, 0, 0, 0, 0, 0, 0, 0, 0, 0, 0, 0, 0, 0, 0, 0, 0, 0, 0, 0, 0, 0, 0, 0, 0, 0, 0, 0, 0, 0, 0, 0, 0, 0, 0, 0, 0, 0, 0, 0, 0, 0, 0, 0, 0, 0, 0, 0, 0, 0, 0, 0, 0, 0, 0, 0, 0, 0, 0, 0, 0, 0, 0, 0, 0, 0, 3, 1, 100, 20, 148, 0, 192, 126, 128, 30, 0, 30, 0, 14, 0, 6, 0, 2, 0, 2, 0, 2, 0, 2, 0, 2, 0, 0, 0, 0, 0, 2, 128, 2, 128, 2, 128, 2, 128, 2, 0, 0, 0, 0, 0, 0, 0, 0, 0, 0, 0, 0, 0, 0, 0, 0, 49, 143, 214, 158, 8, 150, 106, 158, 66, 32, 150, 30, 45, 163, 108, 62, 17, 40, 82, 158, 81, 173, 23, 190, 115, 47, 26, 62, 36, 52, 19, 158, 23, 52, 170, 126, 66, 56, 85, 158, 45, 192, 145, 190, 60, 194, 18, 94, 30, 9, 128, 191, 76, 12, 24, 159, 68, 146, 24, 31, 98, 148, 131, 95, 82, 49, 150, 127, 107, 192, 25, 95, 100, 181, 217, 216, 102, 52, 67, 249, 0, 0, 0, 0, 0, 0, 0, 0, 0, 0, 0, 0, 0, 0, 0, 0, 0, 0, 0, 0, 0, 0, 0, 0, 0, 0, 0, 0, 0, 0, 0, 0, 0, 0, 0, 0, 0, 0, 0, 0, 0, 0, 0, 0, 0, 0, 0, 0, 0, 0, 0, 0, 0, 0, 0, 0, 0, 0, 0, 0, 0, 0, 0, 0, 0, 0, 0, 0, 0, 0, 0, 0, 0, 0, 0, 0, 0, 0, 0, 0, 0, 0, 0, 0, 0, 0, 0, 0, 0, 0, 0, 0, 0, 0, 0, 0, 0, 0, 0, 0, 0, 0, 0, 0, 0, 0, 0, 0, 0, 0, 0, 0, 0, 0, 0, 0, 0, 0, 0, 0]'),
(2, 'Zeki Bayram', '[3, 1, 96, 14, 149, 0, 252, 2, 248, 0, 248, 0, 248, 0, 248, 0, 248, 0, 248, 0, 240, 0, 240, 0, 240, 0, 240, 0, 240, 0, 240, 0, 240, 0, 240, 0, 240, 0, 240, 0, 0, 0, 0, 0, 0, 0, 0, 0, 0, 0, 0, 0, 0, 0, 0, 0, 86, 7, 214, 158, 100, 153, 150, 62, 80, 156, 44, 126, 52, 32, 82, 190, 116, 166, 216, 30, 113, 172, 86, 254, 70, 45, 19, 190, 58, 45, 106, 222, 100, 177, 213, 126, 80, 58, 145, 190, 94, 188, 17, 126, 103, 10, 152, 95, 109, 63, 147, 223, 41, 64, 18, 55, 0, 0, 0, 0, 0, 0, 0, 0, 0, 0, 0, 0, 0, 0, 0, 0, 0, 0, 0, 0, 0, 0, 0, 0, 0, 0, 0, 0, 0, 0, 0, 0, 0, 0, 0, 0, 0, 0, 0, 0, 0, 0, 0, 0, 0, 0, 0, 0, 0, 0, 0, 0, 0, 0, 0, 0, 0, 0, 0, 0, 0, 0, 0, 0, 0, 0, 0, 0, 0, 0, 0, 0, 0, 0, 0, 0, 0, 0, 0, 0, 0, 0, 0, 0, 0, 0, 0, 0, 0, 0, 0, 0, 0, 0, 0, 0, 0, 0, 0, 0, 0, 0, 0, 0, 0, 0, 0, 0, 0, 0, 0, 0, 0, 0, 0, 0, 0, 0, 0, 0, 0, 0, 0, 0, 0, 0, 0, 0, 0, 0, 0, 0, 0, 0, 0, 0, 0, 0, 0, 0, 0, 0, 0, 0, 3, 1, 100, 20, 148, 0, 192, 126, 128, 30, 0, 30, 0, 14, 0, 6, 0, 2, 0, 2, 0, 2, 0, 2, 0, 2, 0, 0, 0, 0, 0, 2, 128, 2, 128, 2, 128, 2, 128, 2, 0, 0, 0, 0, 0, 0, 0, 0, 0, 0, 0, 0, 0, 0, 0, 0, 49, 143, 214, 158, 8, 150, 106, 158, 66, 32, 150, 30, 45, 163, 108, 62, 17, 40, 82, 158, 81, 173, 23, 190, 115, 47, 26, 62, 36, 52, 19, 158, 23, 52, 170, 126, 66, 56, 85, 158, 45, 192, 145, 190, 60, 194, 18, 94, 30, 9, 128, 191, 76, 12, 24, 159, 68, 146, 24, 31, 98, 148, 131, 95, 82, 49, 150, 127, 107, 192, 25, 95, 100, 181, 217, 216, 102, 52, 67, 249, 0, 0, 0, 0, 0, 0, 0, 0, 0, 0, 0, 0, 0, 0, 0, 0, 0, 0, 0, 0, 0, 0, 0, 0, 0, 0, 0, 0, 0, 0, 0, 0, 0, 0, 0, 0, 0, 0, 0, 0, 0, 0, 0, 0, 0, 0, 0, 0, 0, 0, 0, 0, 0, 0, 0, 0, 0, 0, 0, 0, 0, 0, 0, 0, 0, 0, 0, 0, 0, 0, 0, 0, 0, 0, 0, 0, 0, 0, 0, 0, 0, 0, 0, 0, 0, 0, 0, 0, 0, 0, 0, 0, 0, 0, 0, 0, 0, 0, 0, 0, 0, 0, 0, 0, 0, 0, 0, 0, 0, 0, 0, 0, 0, 0, 0, 0, 0, 0, 0, 0]'),
(3, 'Mehmet Bodur', '[3, 1, 96, 14, 149, 0, 252, 2, 248, 0, 248, 0, 248, 0, 248, 0, 248, 0, 248, 0, 240, 0, 240, 0, 240, 0, 240, 0, 240, 0, 240, 0, 240, 0, 240, 0, 240, 0, 240, 0, 0, 0, 0, 0, 0, 0, 0, 0, 0, 0, 0, 0, 0, 0, 0, 0, 86, 7, 214, 158, 100, 153, 150, 62, 80, 156, 44, 126, 52, 32, 82, 190, 116, 166, 216, 30, 113, 172, 86, 254, 70, 45, 19, 190, 58, 45, 106, 222, 100, 177, 213, 126, 80, 58, 145, 190, 94, 188, 17, 126, 103, 10, 152, 95, 109, 63, 147, 223, 41, 64, 18, 55, 0, 0, 0, 0, 0, 0, 0, 0, 0, 0, 0, 0, 0, 0, 0, 0, 0, 0, 0, 0, 0, 0, 0, 0, 0, 0, 0, 0, 0, 0, 0, 0, 0, 0, 0, 0, 0, 0, 0, 0, 0, 0, 0, 0, 0, 0, 0, 0, 0, 0, 0, 0, 0, 0, 0, 0, 0, 0, 0, 0, 0, 0, 0, 0, 0, 0, 0, 0, 0, 0, 0, 0, 0, 0, 0, 0, 0, 0, 0, 0, 0, 0, 0, 0, 0, 0, 0, 0, 0, 0, 0, 0, 0, 0, 0, 0, 0, 0, 0, 0, 0, 0, 0, 0, 0, 0, 0, 0, 0, 0, 0, 0, 0, 0, 0, 0, 0, 0, 0, 0, 0, 0, 0, 0, 0, 0, 0, 0, 0, 0, 0, 0, 0, 0, 0, 0, 0, 0, 0, 0, 0, 0, 0, 0, 3, 1, 100, 20, 148, 0, 192, 126, 128, 30, 0, 30, 0, 14, 0, 6, 0, 2, 0, 2, 0, 2, 0, 2, 0, 2, 0, 0, 0, 0, 0, 2, 128, 2, 128, 2, 128, 2, 128, 2, 0, 0, 0, 0, 0, 0, 0, 0, 0, 0, 0, 0, 0, 0, 0, 0, 49, 143, 214, 158, 8, 150, 106, 158, 66, 32, 150, 30, 45, 163, 108, 62, 17, 40, 82, 158, 81, 173, 23, 190, 115, 47, 26, 62, 36, 52, 19, 158, 23, 52, 170, 126, 66, 56, 85, 158, 45, 192, 145, 190, 60, 194, 18, 94, 30, 9, 128, 191, 76, 12, 24, 159, 68, 146, 24, 31, 98, 148, 131, 95, 82, 49, 150, 127, 107, 192, 25, 95, 100, 181, 217, 216, 102, 52, 67, 249, 0, 0, 0, 0, 0, 0, 0, 0, 0, 0, 0, 0, 0, 0, 0, 0, 0, 0, 0, 0, 0, 0, 0, 0, 0, 0, 0, 0, 0, 0, 0, 0, 0, 0, 0, 0, 0, 0, 0, 0, 0, 0, 0, 0, 0, 0, 0, 0, 0, 0, 0, 0, 0, 0, 0, 0, 0, 0, 0, 0, 0, 0, 0, 0, 0, 0, 0, 0, 0, 0, 0, 0, 0, 0, 0, 0, 0, 0, 0, 0, 0, 0, 0, 0, 0, 0, 0, 0, 0, 0, 0, 0, 0, 0, 0, 0, 0, 0, 0, 0, 0, 0, 0, 0, 0, 0, 0, 0, 0, 0, 0, 0, 0, 0, 0, 0, 0, 0, 0, 0]'),
(4, 'Alexander Chefranov', '[3, 1, 96, 14, 149, 0, 252, 2, 248, 0, 248, 0, 248, 0, 248, 0, 248, 0, 248, 0, 240, 0, 240, 0, 240, 0, 240, 0, 240, 0, 240, 0, 240, 0, 240, 0, 240, 0, 240, 0, 0, 0, 0, 0, 0, 0, 0, 0, 0, 0, 0, 0, 0, 0, 0, 0, 86, 7, 214, 158, 100, 153, 150, 62, 80, 156, 44, 126, 52, 32, 82, 190, 116, 166, 216, 30, 113, 172, 86, 254, 70, 45, 19, 190, 58, 45, 106, 222, 100, 177, 213, 126, 80, 58, 145, 190, 94, 188, 17, 126, 103, 10, 152, 95, 109, 63, 147, 223, 41, 64, 18, 55, 0, 0, 0, 0, 0, 0, 0, 0, 0, 0, 0, 0, 0, 0, 0, 0, 0, 0, 0, 0, 0, 0, 0, 0, 0, 0, 0, 0, 0, 0, 0, 0, 0, 0, 0, 0, 0, 0, 0, 0, 0, 0, 0, 0, 0, 0, 0, 0, 0, 0, 0, 0, 0, 0, 0, 0, 0, 0, 0, 0, 0, 0, 0, 0, 0, 0, 0, 0, 0, 0, 0, 0, 0, 0, 0, 0, 0, 0, 0, 0, 0, 0, 0, 0, 0, 0, 0, 0, 0, 0, 0, 0, 0, 0, 0, 0, 0, 0, 0, 0, 0, 0, 0, 0, 0, 0, 0, 0, 0, 0, 0, 0, 0, 0, 0, 0, 0, 0, 0, 0, 0, 0, 0, 0, 0, 0, 0, 0, 0, 0, 0, 0, 0, 0, 0, 0, 0, 0, 0, 0, 0, 0, 0, 0, 3, 1, 100, 20, 148, 0, 192, 126, 128, 30, 0, 30, 0, 14, 0, 6, 0, 2, 0, 2, 0, 2, 0, 2, 0, 2, 0, 0, 0, 0, 0, 2, 128, 2, 128, 2, 128, 2, 128, 2, 0, 0, 0, 0, 0, 0, 0, 0, 0, 0, 0, 0, 0, 0, 0, 0, 49, 143, 214, 158, 8, 150, 106, 158, 66, 32, 150, 30, 45, 163, 108, 62, 17, 40, 82, 158, 81, 173, 23, 190, 115, 47, 26, 62, 36, 52, 19, 158, 23, 52, 170, 126, 66, 56, 85, 158, 45, 192, 145, 190, 60, 194, 18, 94, 30, 9, 128, 191, 76, 12, 24, 159, 68, 146, 24, 31, 98, 148, 131, 95, 82, 49, 150, 127, 107, 192, 25, 95, 100, 181, 217, 216, 102, 52, 67, 249, 0, 0, 0, 0, 0, 0, 0, 0, 0, 0, 0, 0, 0, 0, 0, 0, 0, 0, 0, 0, 0, 0, 0, 0, 0, 0, 0, 0, 0, 0, 0, 0, 0, 0, 0, 0, 0, 0, 0, 0, 0, 0, 0, 0, 0, 0, 0, 0, 0, 0, 0, 0, 0, 0, 0, 0, 0, 0, 0, 0, 0, 0, 0, 0, 0, 0, 0, 0, 0, 0, 0, 0, 0, 0, 0, 0, 0, 0, 0, 0, 0, 0, 0, 0, 0, 0, 0, 0, 0, 0, 0, 0, 0, 0, 0, 0, 0, 0, 0, 0, 0, 0, 0, 0, 0, 0, 0, 0, 0, 0, 0, 0, 0, 0, 0, 0, 0, 0, 0, 0]'),
(5, 'Omar Ramadan', '[3, 1, 96, 14, 149, 0, 252, 2, 248, 0, 248, 0, 248, 0, 248, 0, 248, 0, 248, 0, 240, 0, 240, 0, 240, 0, 240, 0, 240, 0, 240, 0, 240, 0, 240, 0, 240, 0, 240, 0, 0, 0, 0, 0, 0, 0, 0, 0, 0, 0, 0, 0, 0, 0, 0, 0, 86, 7, 214, 158, 100, 153, 150, 62, 80, 156, 44, 126, 52, 32, 82, 190, 116, 166, 216, 30, 113, 172, 86, 254, 70, 45, 19, 190, 58, 45, 106, 222, 100, 177, 213, 126, 80, 58, 145, 190, 94, 188, 17, 126, 103, 10, 152, 95, 109, 63, 147, 223, 41, 64, 18, 55, 0, 0, 0, 0, 0, 0, 0, 0, 0, 0, 0, 0, 0, 0, 0, 0, 0, 0, 0, 0, 0, 0, 0, 0, 0, 0, 0, 0, 0, 0, 0, 0, 0, 0, 0, 0, 0, 0, 0, 0, 0, 0, 0, 0, 0, 0, 0, 0, 0, 0, 0, 0, 0, 0, 0, 0, 0, 0, 0, 0, 0, 0, 0, 0, 0, 0, 0, 0, 0, 0, 0, 0, 0, 0, 0, 0, 0, 0, 0, 0, 0, 0, 0, 0, 0, 0, 0, 0, 0, 0, 0, 0, 0, 0, 0, 0, 0, 0, 0, 0, 0, 0, 0, 0, 0, 0, 0, 0, 0, 0, 0, 0, 0, 0, 0, 0, 0, 0, 0, 0, 0, 0, 0, 0, 0, 0, 0, 0, 0, 0, 0, 0, 0, 0, 0, 0, 0, 0, 0, 0, 0, 0, 0, 0, 3, 1, 100, 20, 148, 0, 192, 126, 128, 30, 0, 30, 0, 14, 0, 6, 0, 2, 0, 2, 0, 2, 0, 2, 0, 2, 0, 0, 0, 0, 0, 2, 128, 2, 128, 2, 128, 2, 128, 2, 0, 0, 0, 0, 0, 0, 0, 0, 0, 0, 0, 0, 0, 0, 0, 0, 49, 143, 214, 158, 8, 150, 106, 158, 66, 32, 150, 30, 45, 163, 108, 62, 17, 40, 82, 158, 81, 173, 23, 190, 115, 47, 26, 62, 36, 52, 19, 158, 23, 52, 170, 126, 66, 56, 85, 158, 45, 192, 145, 190, 60, 194, 18, 94, 30, 9, 128, 191, 76, 12, 24, 159, 68, 146, 24, 31, 98, 148, 131, 95, 82, 49, 150, 127, 107, 192, 25, 95, 100, 181, 217, 216, 102, 52, 67, 249, 0, 0, 0, 0, 0, 0, 0, 0, 0, 0, 0, 0, 0, 0, 0, 0, 0, 0, 0, 0, 0, 0, 0, 0, 0, 0, 0, 0, 0, 0, 0, 0, 0, 0, 0, 0, 0, 0, 0, 0, 0, 0, 0, 0, 0, 0, 0, 0, 0, 0, 0, 0, 0, 0, 0, 0, 0, 0, 0, 0, 0, 0, 0, 0, 0, 0, 0, 0, 0, 0, 0, 0, 0, 0, 0, 0, 0, 0, 0, 0, 0, 0, 0, 0, 0, 0, 0, 0, 0, 0, 0, 0, 0, 0, 0, 0, 0, 0, 0, 0, 0, 0, 0, 0, 0, 0, 0, 0, 0, 0, 0, 0, 0, 0, 0, 0, 0, 0, 0, 0]'),
(6, 'Adnan Acan', '[3, 1, 96, 14, 149, 0, 252, 2, 248, 0, 248, 0, 248, 0, 248, 0, 248, 0, 248, 0, 240, 0, 240, 0, 240, 0, 240, 0, 240, 0, 240, 0, 240, 0, 240, 0, 240, 0, 240, 0, 0, 0, 0, 0, 0, 0, 0, 0, 0, 0, 0, 0, 0, 0, 0, 0, 86, 7, 214, 158, 100, 153, 150, 62, 80, 156, 44, 126, 52, 32, 82, 190, 116, 166, 216, 30, 113, 172, 86, 254, 70, 45, 19, 190, 58, 45, 106, 222, 100, 177, 213, 126, 80, 58, 145, 190, 94, 188, 17, 126, 103, 10, 152, 95, 109, 63, 147, 223, 41, 64, 18, 55, 0, 0, 0, 0, 0, 0, 0, 0, 0, 0, 0, 0, 0, 0, 0, 0, 0, 0, 0, 0, 0, 0, 0, 0, 0, 0, 0, 0, 0, 0, 0, 0, 0, 0, 0, 0, 0, 0, 0, 0, 0, 0, 0, 0, 0, 0, 0, 0, 0, 0, 0, 0, 0, 0, 0, 0, 0, 0, 0, 0, 0, 0, 0, 0, 0, 0, 0, 0, 0, 0, 0, 0, 0, 0, 0, 0, 0, 0, 0, 0, 0, 0, 0, 0, 0, 0, 0, 0, 0, 0, 0, 0, 0, 0, 0, 0, 0, 0, 0, 0, 0, 0, 0, 0, 0, 0, 0, 0, 0, 0, 0, 0, 0, 0, 0, 0, 0, 0, 0, 0, 0, 0, 0, 0, 0, 0, 0, 0, 0, 0, 0, 0, 0, 0, 0, 0, 0, 0, 0, 0, 0, 0, 0, 0, 3, 1, 100, 20, 148, 0, 192, 126, 128, 30, 0, 30, 0, 14, 0, 6, 0, 2, 0, 2, 0, 2, 0, 2, 0, 2, 0, 0, 0, 0, 0, 2, 128, 2, 128, 2, 128, 2, 128, 2, 0, 0, 0, 0, 0, 0, 0, 0, 0, 0, 0, 0, 0, 0, 0, 0, 49, 143, 214, 158, 8, 150, 106, 158, 66, 32, 150, 30, 45, 163, 108, 62, 17, 40, 82, 158, 81, 173, 23, 190, 115, 47, 26, 62, 36, 52, 19, 158, 23, 52, 170, 126, 66, 56, 85, 158, 45, 192, 145, 190, 60, 194, 18, 94, 30, 9, 128, 191, 76, 12, 24, 159, 68, 146, 24, 31, 98, 148, 131, 95, 82, 49, 150, 127, 107, 192, 25, 95, 100, 181, 217, 216, 102, 52, 67, 249, 0, 0, 0, 0, 0, 0, 0, 0, 0, 0, 0, 0, 0, 0, 0, 0, 0, 0, 0, 0, 0, 0, 0, 0, 0, 0, 0, 0, 0, 0, 0, 0, 0, 0, 0, 0, 0, 0, 0, 0, 0, 0, 0, 0, 0, 0, 0, 0, 0, 0, 0, 0, 0, 0, 0, 0, 0, 0, 0, 0, 0, 0, 0, 0, 0, 0, 0, 0, 0, 0, 0, 0, 0, 0, 0, 0, 0, 0, 0, 0, 0, 0, 0, 0, 0, 0, 0, 0, 0, 0, 0, 0, 0, 0, 0, 0, 0, 0, 0, 0, 0, 0, 0, 0, 0, 0, 0, 0, 0, 0, 0, 0, 0, 0, 0, 0, 0, 0, 0, 0]');

-- --------------------------------------------------------

--
-- Table structure for table `instructor_courses`
--

CREATE TABLE `instructor_courses` (
  `instructor_id` int(11) NOT NULL,
  `course_id` int(11) NOT NULL
) ENGINE=InnoDB DEFAULT CHARSET=latin1;

--
-- Dumping data for table `instructor_courses`
--

INSERT INTO `instructor_courses` (`instructor_id`, `course_id`) VALUES
(1, 5),
(2, 0),
(3, 2),
(4, 3),
(5, 4),
(6, 1),
(1, 6),
(1, 7),
(6, 8),
(4, 9);

-- --------------------------------------------------------

--
-- Table structure for table `students`
--

CREATE TABLE `students` (
  `id` int(11) NOT NULL,
  `name` varchar(50) DEFAULT NULL,
  `fingerPrint` text
) ENGINE=InnoDB DEFAULT CHARSET=latin1;

--
-- Dumping data for table `students`
--

INSERT INTO `students` (`id`, `name`, `fingerPrint`) VALUES
(0, 'test ', '[3, 1, 97, 22, 159, 0, 248, 2, 240, 0, 224, 0, 224, 0, 192, 0, 192, 0, 192, 0, 192, 0, 128, 0, 128, 0, 128, 0, 128, 0, 128, 0, 128, 0, 128, 0, 192, 0, 192, 0, 0, 0, 0, 0, 0, 0, 0, 0, 0, 0, 0, 0, 0, 0, 0, 0, 65, 7, 211, 158, 108, 15, 148, 190, 36, 19, 105, 62, 74, 161, 170, 254, 18, 168, 144, 254, 52, 172, 41, 94, 76, 66, 211, 190, 79, 137, 234, 255, 52, 10, 41, 191, 96, 17, 108, 95, 65, 148, 234, 127, 54, 159, 146, 255, 88, 41, 236, 159, 26, 44, 232, 31, 79, 59, 43, 191, 114, 66, 196, 87, 113, 25, 150, 188, 116, 157, 0, 180, 51, 194, 142, 28, 51, 63, 16, 189, 94, 174, 212, 216, 93, 48, 172, 152, 0, 0, 0, 0, 0, 0, 0, 0, 0, 0, 0, 0, 0, 0, 0, 0, 0, 0, 0, 0, 0, 0, 0, 0, 0, 0, 0, 0, 0, 0, 0, 0, 0, 0, 0, 0, 0, 0, 0, 0, 0, 0, 0, 0, 0, 0, 0, 0, 0, 0, 0, 0, 0, 0, 0, 0, 0, 0, 0, 0, 0, 0, 0, 0, 0, 0, 0, 0, 0, 0, 0, 0, 0, 0, 0, 0, 0, 0, 0, 0, 0, 0, 0, 0, 0, 0, 0, 0, 0, 0, 0, 0, 0, 0, 0, 0, 0, 0, 0, 0, 0, 0, 0, 0, 0, 0, 0, 0, 0, 0, 0, 0, 3, 1, 85, 24, 148, 0, 248, 0, 224, 0, 192, 0, 0, 0, 0, 0, 0, 0, 0, 0, 0, 0, 0, 0, 0, 0, 0, 0, 0, 0, 0, 0, 0, 0, 0, 6, 0, 254, 0, 254, 0, 0, 0, 0, 0, 0, 0, 0, 0, 0, 0, 0, 0, 0, 0, 0, 66, 134, 211, 190, 71, 161, 171, 30, 51, 46, 233, 126, 70, 139, 169, 191, 95, 16, 172, 63, 63, 20, 234, 127, 57, 158, 19, 31, 8, 160, 40, 151, 87, 169, 172, 31, 77, 187, 43, 63, 114, 24, 86, 60, 118, 155, 128, 20, 44, 8, 17, 221, 50, 137, 233, 93, 28, 64, 169, 93, 50, 153, 149, 242, 96, 174, 85, 26, 93, 48, 107, 218, 44, 153, 234, 243, 25, 39, 17, 251, 29, 146, 105, 121, 36, 191, 211, 53, 114, 141, 44, 179, 37, 65, 208, 48, 0, 0, 0, 0, 0, 0, 0, 0, 0, 0, 0, 0, 0, 0, 0, 0, 0, 0, 0, 0, 0, 0, 0, 0, 0, 0, 0, 0, 0, 0, 0, 0, 0, 0, 0, 0, 0, 0, 0, 0, 0, 0, 0, 0, 0, 0, 0, 0, 0, 0, 0, 0, 0, 0, 0, 0, 0, 0, 0, 0, 0, 0, 0, 0, 0, 0, 0, 0, 0, 0, 0, 0, 0, 0, 0, 0, 0, 0, 0, 0, 0, 0, 0, 0, 0, 0, 0, 0, 0, 0, 0, 0, 0, 0, 0, 0, 0, 0, 0, 0, 0, 0, 0, 0]'),
(1, 'Omar Crumpe', '[3, 1, 97, 22, 159, 0, 248, 2, 240, 0, 224, 0, 224, 0, 192, 0, 192, 0, 192, 0, 192, 0, 128, 0, 128, 0, 128, 0, 128, 0, 128, 0, 128, 0, 128, 0, 192, 0, 192, 0, 0, 0, 0, 0, 0, 0, 0, 0, 0, 0, 0, 0, 0, 0, 0, 0, 65, 7, 211, 158, 108, 15, 148, 190, 36, 19, 105, 62, 74, 161, 170, 254, 18, 168, 144, 254, 52, 172, 41, 94, 76, 66, 211, 190, 79, 137, 234, 255, 52, 10, 41, 191, 96, 17, 108, 95, 65, 148, 234, 127, 54, 159, 146, 255, 88, 41, 236, 159, 26, 44, 232, 31, 79, 59, 43, 191, 114, 66, 196, 87, 113, 25, 150, 188, 116, 157, 0, 180, 51, 194, 142, 28, 51, 63, 16, 189, 94, 174, 212, 216, 93, 48, 172, 152, 0, 0, 0, 0, 0, 0, 0, 0, 0, 0, 0, 0, 0, 0, 0, 0, 0, 0, 0, 0, 0, 0, 0, 0, 0, 0, 0, 0, 0, 0, 0, 0, 0, 0, 0, 0, 0, 0, 0, 0, 0, 0, 0, 0, 0, 0, 0, 0, 0, 0, 0, 0, 0, 0, 0, 0, 0, 0, 0, 0, 0, 0, 0, 0, 0, 0, 0, 0, 0, 0, 0, 0, 0, 0, 0, 0, 0, 0, 0, 0, 0, 0, 0, 0, 0, 0, 0, 0, 0, 0, 0, 0, 0, 0, 0, 0, 0, 0, 0, 0, 0, 0, 0, 0, 0, 0, 0, 0, 0, 0, 0, 0, 3, 1, 85, 24, 148, 0, 248, 0, 224, 0, 192, 0, 0, 0, 0, 0, 0, 0, 0, 0, 0, 0, 0, 0, 0, 0, 0, 0, 0, 0, 0, 0, 0, 0, 0, 6, 0, 254, 0, 254, 0, 0, 0, 0, 0, 0, 0, 0, 0, 0, 0, 0, 0, 0, 0, 0, 66, 134, 211, 190, 71, 161, 171, 30, 51, 46, 233, 126, 70, 139, 169, 191, 95, 16, 172, 63, 63, 20, 234, 127, 57, 158, 19, 31, 8, 160, 40, 151, 87, 169, 172, 31, 77, 187, 43, 63, 114, 24, 86, 60, 118, 155, 128, 20, 44, 8, 17, 221, 50, 137, 233, 93, 28, 64, 169, 93, 50, 153, 149, 242, 96, 174, 85, 26, 93, 48, 107, 218, 44, 153, 234, 243, 25, 39, 17, 251, 29, 146, 105, 121, 36, 191, 211, 53, 114, 141, 44, 179, 37, 65, 208, 48, 0, 0, 0, 0, 0, 0, 0, 0, 0, 0, 0, 0, 0, 0, 0, 0, 0, 0, 0, 0, 0, 0, 0, 0, 0, 0, 0, 0, 0, 0, 0, 0, 0, 0, 0, 0, 0, 0, 0, 0, 0, 0, 0, 0, 0, 0, 0, 0, 0, 0, 0, 0, 0, 0, 0, 0, 0, 0, 0, 0, 0, 0, 0, 0, 0, 0, 0, 0, 0, 0, 0, 0, 0, 0, 0, 0, 0, 0, 0, 0, 0, 0, 0, 0, 0, 0, 0, 0, 0, 0, 0, 0, 0, 0, 0, 0, 0, 0, 0, 0, 0, 0, 0, 0]'),
(2, 'Seymour Gass', '[3, 1, 92, 21, 145, 0, 224, 62, 192, 30, 0, 14, 0, 14, 0, 6, 128, 6, 128, 6, 128, 6, 128, 6, 192, 2, 192, 2, 192, 2, 240, 2, 248, 2, 255, 2, 255, 2, 255, 14, 0, 0, 0, 0, 0, 0, 0, 0, 0, 0, 0, 0, 0, 0, 0, 0, 45, 6, 223, 190, 23, 10, 30, 118, 88, 154, 99, 158, 71, 158, 84, 30, 95, 31, 143, 158, 66, 38, 214, 190, 56, 42, 216, 30, 41, 172, 193, 126, 89, 47, 143, 62, 109, 187, 209, 222, 54, 136, 96, 63, 94, 140, 139, 159, 46, 27, 28, 63, 63, 25, 35, 92, 80, 182, 84, 188, 51, 22, 94, 253, 65, 46, 22, 218, 60, 147, 32, 219, 84, 179, 166, 187, 60, 22, 32, 25, 65, 43, 233, 121, 0, 0, 0, 0, 0, 0, 0, 0, 0, 0, 0, 0, 0, 0, 0, 0, 0, 0, 0, 0, 0, 0, 0, 0, 0, 0, 0, 0, 0, 0, 0, 0, 0, 0, 0, 0, 0, 0, 0, 0, 0, 0, 0, 0, 0, 0, 0, 0, 0, 0, 0, 0, 0, 0, 0, 0, 0, 0, 0, 0, 0, 0, 0, 0, 0, 0, 0, 0, 0, 0, 0, 0, 0, 0, 0, 0, 0, 0, 0, 0, 0, 0, 0, 0, 0, 0, 0, 0, 0, 0, 0, 0, 0, 0, 0, 0, 0, 0, 0, 0, 0, 0, 0, 0, 0, 0, 0, 0, 0, 0, 0, 0, 0, 0, 0, 0, 3, 1, 90, 24, 143, 0, 0, 30, 0, 14, 0, 6, 0, 2, 0, 2, 0, 0, 0, 0, 0, 0, 0, 0, 0, 0, 128, 0, 128, 0, 192, 0, 192, 0, 224, 0, 240, 0, 248, 0, 0, 0, 0, 0, 0, 0, 0, 0, 0, 0, 0, 0, 0, 0, 0, 0, 9, 10, 223, 158, 114, 23, 98, 222, 45, 25, 157, 30, 88, 154, 163, 94, 70, 158, 148, 126, 95, 159, 143, 222, 55, 170, 151, 254, 41, 44, 193, 94, 92, 195, 233, 30, 47, 6, 223, 159, 95, 12, 75, 191, 67, 174, 150, 95, 119, 180, 230, 183, 85, 54, 148, 95, 111, 57, 81, 95, 57, 146, 160, 220, 66, 166, 214, 188, 21, 136, 72, 82, 23, 138, 158, 210, 67, 170, 40, 250, 60, 134, 161, 59, 71, 134, 162, 59, 66, 136, 97, 59, 54, 21, 222, 84, 0, 0, 0, 0, 0, 0, 0, 0, 0, 0, 0, 0, 0, 0, 0, 0, 0, 0, 0, 0, 0, 0, 0, 0, 0, 0, 0, 0, 0, 0, 0, 0, 0, 0, 0, 0, 0, 0, 0, 0, 0, 0, 0, 0, 0, 0, 0, 0, 0, 0, 0, 0, 0, 0, 0, 0, 0, 0, 0, 0, 0, 0, 0, 0, 0, 0, 0, 0, 0, 0, 0, 0, 0, 0, 0, 0, 0, 0, 0, 0, 0, 0, 0, 0, 0, 0, 0, 0, 0, 0, 0, 0, 0, 0, 0, 0, 0, 0, 0, 0, 0, 0, 0, 0]'),
(3, 'Maximilian Beeswing', '[3, 1, 97, 22, 159, 0, 248, 2, 240, 0, 224, 0, 224, 0, 192, 0, 192, 0, 192, 0, 192, 0, 128, 0, 128, 0, 128, 0, 128, 0, 128, 0, 128, 0, 128, 0, 192, 0, 192, 0, 0, 0, 0, 0, 0, 0, 0, 0, 0, 0, 0, 0, 0, 0, 0, 0, 65, 7, 211, 158, 108, 15, 148, 190, 36, 19, 105, 62, 74, 161, 170, 254, 18, 168, 144, 254, 52, 172, 41, 94, 76, 66, 211, 190, 79, 137, 234, 255, 52, 10, 41, 191, 96, 17, 108, 95, 65, 148, 234, 127, 54, 159, 146, 255, 88, 41, 236, 159, 26, 44, 232, 31, 79, 59, 43, 191, 114, 66, 196, 87, 113, 25, 150, 188, 116, 157, 0, 180, 51, 194, 142, 28, 51, 63, 16, 189, 94, 174, 212, 216, 93, 48, 172, 152, 0, 0, 0, 0, 0, 0, 0, 0, 0, 0, 0, 0, 0, 0, 0, 0, 0, 0, 0, 0, 0, 0, 0, 0, 0, 0, 0, 0, 0, 0, 0, 0, 0, 0, 0, 0, 0, 0, 0, 0, 0, 0, 0, 0, 0, 0, 0, 0, 0, 0, 0, 0, 0, 0, 0, 0, 0, 0, 0, 0, 0, 0, 0, 0, 0, 0, 0, 0, 0, 0, 0, 0, 0, 0, 0, 0, 0, 0, 0, 0, 0, 0, 0, 0, 0, 0, 0, 0, 0, 0, 0, 0, 0, 0, 0, 0, 0, 0, 0, 0, 0, 0, 0, 0, 0, 0, 0, 0, 0, 0, 0, 0, 3, 1, 85, 24, 148, 0, 248, 0, 224, 0, 192, 0, 0, 0, 0, 0, 0, 0, 0, 0, 0, 0, 0, 0, 0, 0, 0, 0, 0, 0, 0, 0, 0, 0, 0, 6, 0, 254, 0, 254, 0, 0, 0, 0, 0, 0, 0, 0, 0, 0, 0, 0, 0, 0, 0, 0, 66, 134, 211, 190, 71, 161, 171, 30, 51, 46, 233, 126, 70, 139, 169, 191, 95, 16, 172, 63, 63, 20, 234, 127, 57, 158, 19, 31, 8, 160, 40, 151, 87, 169, 172, 31, 77, 187, 43, 63, 114, 24, 86, 60, 118, 155, 128, 20, 44, 8, 17, 221, 50, 137, 233, 93, 28, 64, 169, 93, 50, 153, 149, 242, 96, 174, 85, 26, 93, 48, 107, 218, 44, 153, 234, 243, 25, 39, 17, 251, 29, 146, 105, 121, 36, 191, 211, 53, 114, 141, 44, 179, 37, 65, 208, 48, 0, 0, 0, 0, 0, 0, 0, 0, 0, 0, 0, 0, 0, 0, 0, 0, 0, 0, 0, 0, 0, 0, 0, 0, 0, 0, 0, 0, 0, 0, 0, 0, 0, 0, 0, 0, 0, 0, 0, 0, 0, 0, 0, 0, 0, 0, 0, 0, 0, 0, 0, 0, 0, 0, 0, 0, 0, 0, 0, 0, 0, 0, 0, 0, 0, 0, 0, 0, 0, 0, 0, 0, 0, 0, 0, 0, 0, 0, 0, 0, 0, 0, 0, 0, 0, 0, 0, 0, 0, 0, 0, 0, 0, 0, 0, 0, 0, 0, 0, 0, 0, 0, 0, 0]'),
(4, 'Luce Ivey', '[3, 1, 85, 19, 145, 0, 255, 254, 255, 254, 255, 254, 255, 254, 255, 254, 255, 254, 255, 254, 255, 254, 252, 30, 224, 6, 192, 2, 128, 0, 128, 0, 128, 0, 0, 0, 0, 0, 0, 0, 0, 0, 0, 0, 0, 0, 0, 0, 0, 0, 0, 0, 0, 0, 0, 0, 94, 43, 18, 30, 90, 56, 17, 158, 73, 185, 40, 94, 30, 185, 148, 190, 88, 190, 168, 94, 109, 174, 42, 215, 91, 50, 232, 191, 29, 62, 147, 31, 78, 192, 82, 31, 100, 64, 145, 255, 118, 193, 38, 247, 41, 41, 169, 252, 31, 177, 105, 188, 34, 173, 42, 24, 39, 45, 147, 88, 19, 182, 171, 184, 61, 181, 82, 179, 66, 165, 147, 209, 9, 62, 73, 112, 0, 0, 0, 0, 0, 0, 0, 0, 0, 0, 0, 0, 0, 0, 0, 0, 0, 0, 0, 0, 0, 0, 0, 0, 0, 0, 0, 0, 0, 0, 0, 0, 0, 0, 0, 0, 0, 0, 0, 0, 0, 0, 0, 0, 0, 0, 0, 0, 0, 0, 0, 0, 0, 0, 0, 0, 0, 0, 0, 0, 0, 0, 0, 0, 0, 0, 0, 0, 0, 0, 0, 0, 0, 0, 0, 0, 0, 0, 0, 0, 0, 0, 0, 0, 0, 0, 0, 0, 0, 0, 0, 0, 0, 0, 0, 0, 0, 0, 0, 0, 0, 0, 0, 0, 0, 0, 0, 0, 0, 0, 0, 0, 0, 0, 0, 0, 0, 0, 0, 0, 0, 0, 0, 0, 3, 1, 96, 12, 147, 0, 255, 254, 255, 254, 255, 254, 255, 254, 255, 254, 255, 254, 255, 254, 255, 254, 248, 62, 224, 30, 192, 14, 128, 6, 0, 2, 0, 2, 0, 0, 0, 0, 0, 2, 0, 0, 0, 0, 0, 0, 0, 0, 0, 0, 0, 0, 0, 0, 0, 0, 89, 172, 209, 190, 15, 185, 43, 190, 56, 185, 147, 62, 86, 186, 145, 126, 27, 59, 212, 254, 86, 192, 103, 254, 62, 170, 83, 191, 37, 48, 212, 159, 86, 181, 40, 95, 25, 193, 20, 31, 95, 194, 209, 183, 68, 58, 146, 178, 0, 0, 0, 0, 0, 0, 0, 0, 0, 0, 0, 0, 0, 0, 0, 0, 0, 0, 0, 0, 0, 0, 0, 0, 0, 0, 0, 0, 0, 0, 0, 0, 0, 0, 0, 0, 0, 0, 0, 0, 0, 0, 0, 0, 0, 0, 0, 0, 0, 0, 0, 0, 0, 0, 0, 0, 0, 0, 0, 0, 0, 0, 0, 0, 0, 0, 0, 0, 0, 0, 0, 0, 0, 0, 0, 0, 0, 0, 0, 0, 0, 0, 0, 0, 0, 0, 0, 0, 0, 0, 0, 0, 0, 0, 0, 0, 0, 0, 0, 0, 0, 0, 0, 0, 0, 0, 0, 0, 0, 0, 0, 0, 0, 0, 0, 0, 0, 0, 0, 0, 0, 0, 0, 0, 0, 0, 0, 0, 0, 0, 0, 0, 0, 0, 0, 0, 0, 0, 0, 0, 0, 0, 0, 0, 0, 0, 0, 0, 0, 0, 0, 0]'),
(5, 'Elladine Camellini', NULL),
(6, 'Zola Fucher', '[3, 1, 97, 22, 159, 0, 248, 2, 240, 0, 224, 0, 224, 0, 192, 0, 192, 0, 192, 0, 192, 0, 128, 0, 128, 0, 128, 0, 128, 0, 128, 0, 128, 0, 128, 0, 192, 0, 192, 0, 0, 0, 0, 0, 0, 0, 0, 0, 0, 0, 0, 0, 0, 0, 0, 0, 65, 7, 211, 158, 108, 15, 148, 190, 36, 19, 105, 62, 74, 161, 170, 254, 18, 168, 144, 254, 52, 172, 41, 94, 76, 66, 211, 190, 79, 137, 234, 255, 52, 10, 41, 191, 96, 17, 108, 95, 65, 148, 234, 127, 54, 159, 146, 255, 88, 41, 236, 159, 26, 44, 232, 31, 79, 59, 43, 191, 114, 66, 196, 87, 113, 25, 150, 188, 116, 157, 0, 180, 51, 194, 142, 28, 51, 63, 16, 189, 94, 174, 212, 216, 93, 48, 172, 152, 0, 0, 0, 0, 0, 0, 0, 0, 0, 0, 0, 0, 0, 0, 0, 0, 0, 0, 0, 0, 0, 0, 0, 0, 0, 0, 0, 0, 0, 0, 0, 0, 0, 0, 0, 0, 0, 0, 0, 0, 0, 0, 0, 0, 0, 0, 0, 0, 0, 0, 0, 0, 0, 0, 0, 0, 0, 0, 0, 0, 0, 0, 0, 0, 0, 0, 0, 0, 0, 0, 0, 0, 0, 0, 0, 0, 0, 0, 0, 0, 0, 0, 0, 0, 0, 0, 0, 0, 0, 0, 0, 0, 0, 0, 0, 0, 0, 0, 0, 0, 0, 0, 0, 0, 0, 0, 0, 0, 0, 0, 0, 0, 3, 1, 85, 24, 148, 0, 248, 0, 224, 0, 192, 0, 0, 0, 0, 0, 0, 0, 0, 0, 0, 0, 0, 0, 0, 0, 0, 0, 0, 0, 0, 0, 0, 0, 0, 6, 0, 254, 0, 254, 0, 0, 0, 0, 0, 0, 0, 0, 0, 0, 0, 0, 0, 0, 0, 0, 66, 134, 211, 190, 71, 161, 171, 30, 51, 46, 233, 126, 70, 139, 169, 191, 95, 16, 172, 63, 63, 20, 234, 127, 57, 158, 19, 31, 8, 160, 40, 151, 87, 169, 172, 31, 77, 187, 43, 63, 114, 24, 86, 60, 118, 155, 128, 20, 44, 8, 17, 221, 50, 137, 233, 93, 28, 64, 169, 93, 50, 153, 149, 242, 96, 174, 85, 26, 93, 48, 107, 218, 44, 153, 234, 243, 25, 39, 17, 251, 29, 146, 105, 121, 36, 191, 211, 53, 114, 141, 44, 179, 37, 65, 208, 48, 0, 0, 0, 0, 0, 0, 0, 0, 0, 0, 0, 0, 0, 0, 0, 0, 0, 0, 0, 0, 0, 0, 0, 0, 0, 0, 0, 0, 0, 0, 0, 0, 0, 0, 0, 0, 0, 0, 0, 0, 0, 0, 0, 0, 0, 0, 0, 0, 0, 0, 0, 0, 0, 0, 0, 0, 0, 0, 0, 0, 0, 0, 0, 0, 0, 0, 0, 0, 0, 0, 0, 0, 0, 0, 0, 0, 0, 0, 0, 0, 0, 0, 0, 0, 0, 0, 0, 0, 0, 0, 0, 0, 0, 0, 0, 0, 0, 0, 0, 0, 0, 0, 0, 0]'),
(7, 'Loree Lathee', '[3, 1, 97, 22, 159, 0, 248, 2, 240, 0, 224, 0, 224, 0, 192, 0, 192, 0, 192, 0, 192, 0, 128, 0, 128, 0, 128, 0, 128, 0, 128, 0, 128, 0, 128, 0, 192, 0, 192, 0, 0, 0, 0, 0, 0, 0, 0, 0, 0, 0, 0, 0, 0, 0, 0, 0, 65, 7, 211, 158, 108, 15, 148, 190, 36, 19, 105, 62, 74, 161, 170, 254, 18, 168, 144, 254, 52, 172, 41, 94, 76, 66, 211, 190, 79, 137, 234, 255, 52, 10, 41, 191, 96, 17, 108, 95, 65, 148, 234, 127, 54, 159, 146, 255, 88, 41, 236, 159, 26, 44, 232, 31, 79, 59, 43, 191, 114, 66, 196, 87, 113, 25, 150, 188, 116, 157, 0, 180, 51, 194, 142, 28, 51, 63, 16, 189, 94, 174, 212, 216, 93, 48, 172, 152, 0, 0, 0, 0, 0, 0, 0, 0, 0, 0, 0, 0, 0, 0, 0, 0, 0, 0, 0, 0, 0, 0, 0, 0, 0, 0, 0, 0, 0, 0, 0, 0, 0, 0, 0, 0, 0, 0, 0, 0, 0, 0, 0, 0, 0, 0, 0, 0, 0, 0, 0, 0, 0, 0, 0, 0, 0, 0, 0, 0, 0, 0, 0, 0, 0, 0, 0, 0, 0, 0, 0, 0, 0, 0, 0, 0, 0, 0, 0, 0, 0, 0, 0, 0, 0, 0, 0, 0, 0, 0, 0, 0, 0, 0, 0, 0, 0, 0, 0, 0, 0, 0, 0, 0, 0, 0, 0, 0, 0, 0, 0, 0, 3, 1, 85, 24, 148, 0, 248, 0, 224, 0, 192, 0, 0, 0, 0, 0, 0, 0, 0, 0, 0, 0, 0, 0, 0, 0, 0, 0, 0, 0, 0, 0, 0, 0, 0, 6, 0, 254, 0, 254, 0, 0, 0, 0, 0, 0, 0, 0, 0, 0, 0, 0, 0, 0, 0, 0, 66, 134, 211, 190, 71, 161, 171, 30, 51, 46, 233, 126, 70, 139, 169, 191, 95, 16, 172, 63, 63, 20, 234, 127, 57, 158, 19, 31, 8, 160, 40, 151, 87, 169, 172, 31, 77, 187, 43, 63, 114, 24, 86, 60, 118, 155, 128, 20, 44, 8, 17, 221, 50, 137, 233, 93, 28, 64, 169, 93, 50, 153, 149, 242, 96, 174, 85, 26, 93, 48, 107, 218, 44, 153, 234, 243, 25, 39, 17, 251, 29, 146, 105, 121, 36, 191, 211, 53, 114, 141, 44, 179, 37, 65, 208, 48, 0, 0, 0, 0, 0, 0, 0, 0, 0, 0, 0, 0, 0, 0, 0, 0, 0, 0, 0, 0, 0, 0, 0, 0, 0, 0, 0, 0, 0, 0, 0, 0, 0, 0, 0, 0, 0, 0, 0, 0, 0, 0, 0, 0, 0, 0, 0, 0, 0, 0, 0, 0, 0, 0, 0, 0, 0, 0, 0, 0, 0, 0, 0, 0, 0, 0, 0, 0, 0, 0, 0, 0, 0, 0, 0, 0, 0, 0, 0, 0, 0, 0, 0, 0, 0, 0, 0, 0, 0, 0, 0, 0, 0, 0, 0, 0, 0, 0, 0, 0, 0, 0, 0, 0]'),
(8, 'Jessee Shmyr', '[3, 1, 97, 22, 159, 0, 248, 2, 240, 0, 224, 0, 224, 0, 192, 0, 192, 0, 192, 0, 192, 0, 128, 0, 128, 0, 128, 0, 128, 0, 128, 0, 128, 0, 128, 0, 192, 0, 192, 0, 0, 0, 0, 0, 0, 0, 0, 0, 0, 0, 0, 0, 0, 0, 0, 0, 65, 7, 211, 158, 108, 15, 148, 190, 36, 19, 105, 62, 74, 161, 170, 254, 18, 168, 144, 254, 52, 172, 41, 94, 76, 66, 211, 190, 79, 137, 234, 255, 52, 10, 41, 191, 96, 17, 108, 95, 65, 148, 234, 127, 54, 159, 146, 255, 88, 41, 236, 159, 26, 44, 232, 31, 79, 59, 43, 191, 114, 66, 196, 87, 113, 25, 150, 188, 116, 157, 0, 180, 51, 194, 142, 28, 51, 63, 16, 189, 94, 174, 212, 216, 93, 48, 172, 152, 0, 0, 0, 0, 0, 0, 0, 0, 0, 0, 0, 0, 0, 0, 0, 0, 0, 0, 0, 0, 0, 0, 0, 0, 0, 0, 0, 0, 0, 0, 0, 0, 0, 0, 0, 0, 0, 0, 0, 0, 0, 0, 0, 0, 0, 0, 0, 0, 0, 0, 0, 0, 0, 0, 0, 0, 0, 0, 0, 0, 0, 0, 0, 0, 0, 0, 0, 0, 0, 0, 0, 0, 0, 0, 0, 0, 0, 0, 0, 0, 0, 0, 0, 0, 0, 0, 0, 0, 0, 0, 0, 0, 0, 0, 0, 0, 0, 0, 0, 0, 0, 0, 0, 0, 0, 0, 0, 0, 0, 0, 0, 0, 3, 1, 85, 24, 148, 0, 248, 0, 224, 0, 192, 0, 0, 0, 0, 0, 0, 0, 0, 0, 0, 0, 0, 0, 0, 0, 0, 0, 0, 0, 0, 0, 0, 0, 0, 6, 0, 254, 0, 254, 0, 0, 0, 0, 0, 0, 0, 0, 0, 0, 0, 0, 0, 0, 0, 0, 66, 134, 211, 190, 71, 161, 171, 30, 51, 46, 233, 126, 70, 139, 169, 191, 95, 16, 172, 63, 63, 20, 234, 127, 57, 158, 19, 31, 8, 160, 40, 151, 87, 169, 172, 31, 77, 187, 43, 63, 114, 24, 86, 60, 118, 155, 128, 20, 44, 8, 17, 221, 50, 137, 233, 93, 28, 64, 169, 93, 50, 153, 149, 242, 96, 174, 85, 26, 93, 48, 107, 218, 44, 153, 234, 243, 25, 39, 17, 251, 29, 146, 105, 121, 36, 191, 211, 53, 114, 141, 44, 179, 37, 65, 208, 48, 0, 0, 0, 0, 0, 0, 0, 0, 0, 0, 0, 0, 0, 0, 0, 0, 0, 0, 0, 0, 0, 0, 0, 0, 0, 0, 0, 0, 0, 0, 0, 0, 0, 0, 0, 0, 0, 0, 0, 0, 0, 0, 0, 0, 0, 0, 0, 0, 0, 0, 0, 0, 0, 0, 0, 0, 0, 0, 0, 0, 0, 0, 0, 0, 0, 0, 0, 0, 0, 0, 0, 0, 0, 0, 0, 0, 0, 0, 0, 0, 0, 0, 0, 0, 0, 0, 0, 0, 0, 0, 0, 0, 0, 0, 0, 0, 0, 0, 0, 0, 0, 0, 0, 0]'),
(9, 'Shaina Harris', '[3, 1, 97, 22, 159, 0, 248, 2, 240, 0, 224, 0, 224, 0, 192, 0, 192, 0, 192, 0, 192, 0, 128, 0, 128, 0, 128, 0, 128, 0, 128, 0, 128, 0, 128, 0, 192, 0, 192, 0, 0, 0, 0, 0, 0, 0, 0, 0, 0, 0, 0, 0, 0, 0, 0, 0, 65, 7, 211, 158, 108, 15, 148, 190, 36, 19, 105, 62, 74, 161, 170, 254, 18, 168, 144, 254, 52, 172, 41, 94, 76, 66, 211, 190, 79, 137, 234, 255, 52, 10, 41, 191, 96, 17, 108, 95, 65, 148, 234, 127, 54, 159, 146, 255, 88, 41, 236, 159, 26, 44, 232, 31, 79, 59, 43, 191, 114, 66, 196, 87, 113, 25, 150, 188, 116, 157, 0, 180, 51, 194, 142, 28, 51, 63, 16, 189, 94, 174, 212, 216, 93, 48, 172, 152, 0, 0, 0, 0, 0, 0, 0, 0, 0, 0, 0, 0, 0, 0, 0, 0, 0, 0, 0, 0, 0, 0, 0, 0, 0, 0, 0, 0, 0, 0, 0, 0, 0, 0, 0, 0, 0, 0, 0, 0, 0, 0, 0, 0, 0, 0, 0, 0, 0, 0, 0, 0, 0, 0, 0, 0, 0, 0, 0, 0, 0, 0, 0, 0, 0, 0, 0, 0, 0, 0, 0, 0, 0, 0, 0, 0, 0, 0, 0, 0, 0, 0, 0, 0, 0, 0, 0, 0, 0, 0, 0, 0, 0, 0, 0, 0, 0, 0, 0, 0, 0, 0, 0, 0, 0, 0, 0, 0, 0, 0, 0, 0, 3, 1, 85, 24, 148, 0, 248, 0, 224, 0, 192, 0, 0, 0, 0, 0, 0, 0, 0, 0, 0, 0, 0, 0, 0, 0, 0, 0, 0, 0, 0, 0, 0, 0, 0, 6, 0, 254, 0, 254, 0, 0, 0, 0, 0, 0, 0, 0, 0, 0, 0, 0, 0, 0, 0, 0, 66, 134, 211, 190, 71, 161, 171, 30, 51, 46, 233, 126, 70, 139, 169, 191, 95, 16, 172, 63, 63, 20, 234, 127, 57, 158, 19, 31, 8, 160, 40, 151, 87, 169, 172, 31, 77, 187, 43, 63, 114, 24, 86, 60, 118, 155, 128, 20, 44, 8, 17, 221, 50, 137, 233, 93, 28, 64, 169, 93, 50, 153, 149, 242, 96, 174, 85, 26, 93, 48, 107, 218, 44, 153, 234, 243, 25, 39, 17, 251, 29, 146, 105, 121, 36, 191, 211, 53, 114, 141, 44, 179, 37, 65, 208, 48, 0, 0, 0, 0, 0, 0, 0, 0, 0, 0, 0, 0, 0, 0, 0, 0, 0, 0, 0, 0, 0, 0, 0, 0, 0, 0, 0, 0, 0, 0, 0, 0, 0, 0, 0, 0, 0, 0, 0, 0, 0, 0, 0, 0, 0, 0, 0, 0, 0, 0, 0, 0, 0, 0, 0, 0, 0, 0, 0, 0, 0, 0, 0, 0, 0, 0, 0, 0, 0, 0, 0, 0, 0, 0, 0, 0, 0, 0, 0, 0, 0, 0, 0, 0, 0, 0, 0, 0, 0, 0, 0, 0, 0, 0, 0, 0, 0, 0, 0, 0, 0, 0, 0, 0]'),
(10, 'Kariotta Gravenall', '[3, 1, 97, 22, 159, 0, 248, 2, 240, 0, 224, 0, 224, 0, 192, 0, 192, 0, 192, 0, 192, 0, 128, 0, 128, 0, 128, 0, 128, 0, 128, 0, 128, 0, 128, 0, 192, 0, 192, 0, 0, 0, 0, 0, 0, 0, 0, 0, 0, 0, 0, 0, 0, 0, 0, 0, 65, 7, 211, 158, 108, 15, 148, 190, 36, 19, 105, 62, 74, 161, 170, 254, 18, 168, 144, 254, 52, 172, 41, 94, 76, 66, 211, 190, 79, 137, 234, 255, 52, 10, 41, 191, 96, 17, 108, 95, 65, 148, 234, 127, 54, 159, 146, 255, 88, 41, 236, 159, 26, 44, 232, 31, 79, 59, 43, 191, 114, 66, 196, 87, 113, 25, 150, 188, 116, 157, 0, 180, 51, 194, 142, 28, 51, 63, 16, 189, 94, 174, 212, 216, 93, 48, 172, 152, 0, 0, 0, 0, 0, 0, 0, 0, 0, 0, 0, 0, 0, 0, 0, 0, 0, 0, 0, 0, 0, 0, 0, 0, 0, 0, 0, 0, 0, 0, 0, 0, 0, 0, 0, 0, 0, 0, 0, 0, 0, 0, 0, 0, 0, 0, 0, 0, 0, 0, 0, 0, 0, 0, 0, 0, 0, 0, 0, 0, 0, 0, 0, 0, 0, 0, 0, 0, 0, 0, 0, 0, 0, 0, 0, 0, 0, 0, 0, 0, 0, 0, 0, 0, 0, 0, 0, 0, 0, 0, 0, 0, 0, 0, 0, 0, 0, 0, 0, 0, 0, 0, 0, 0, 0, 0, 0, 0, 0, 0, 0, 0, 3, 1, 85, 24, 148, 0, 248, 0, 224, 0, 192, 0, 0, 0, 0, 0, 0, 0, 0, 0, 0, 0, 0, 0, 0, 0, 0, 0, 0, 0, 0, 0, 0, 0, 0, 6, 0, 254, 0, 254, 0, 0, 0, 0, 0, 0, 0, 0, 0, 0, 0, 0, 0, 0, 0, 0, 66, 134, 211, 190, 71, 161, 171, 30, 51, 46, 233, 126, 70, 139, 169, 191, 95, 16, 172, 63, 63, 20, 234, 127, 57, 158, 19, 31, 8, 160, 40, 151, 87, 169, 172, 31, 77, 187, 43, 63, 114, 24, 86, 60, 118, 155, 128, 20, 44, 8, 17, 221, 50, 137, 233, 93, 28, 64, 169, 93, 50, 153, 149, 242, 96, 174, 85, 26, 93, 48, 107, 218, 44, 153, 234, 243, 25, 39, 17, 251, 29, 146, 105, 121, 36, 191, 211, 53, 114, 141, 44, 179, 37, 65, 208, 48, 0, 0, 0, 0, 0, 0, 0, 0, 0, 0, 0, 0, 0, 0, 0, 0, 0, 0, 0, 0, 0, 0, 0, 0, 0, 0, 0, 0, 0, 0, 0, 0, 0, 0, 0, 0, 0, 0, 0, 0, 0, 0, 0, 0, 0, 0, 0, 0, 0, 0, 0, 0, 0, 0, 0, 0, 0, 0, 0, 0, 0, 0, 0, 0, 0, 0, 0, 0, 0, 0, 0, 0, 0, 0, 0, 0, 0, 0, 0, 0, 0, 0, 0, 0, 0, 0, 0, 0, 0, 0, 0, 0, 0, 0, 0, 0, 0, 0, 0, 0, 0, 0, 0, 0]'),
(11, 'Ali komomo', '[3, 1, 97, 22, 159, 0, 248, 2, 240, 0, 224, 0, 224, 0, 192, 0, 192, 0, 192, 0, 192, 0, 128, 0, 128, 0, 128, 0, 128, 0, 128, 0, 128, 0, 128, 0, 192, 0, 192, 0, 0, 0, 0, 0, 0, 0, 0, 0, 0, 0, 0, 0, 0, 0, 0, 0, 65, 7, 211, 158, 108, 15, 148, 190, 36, 19, 105, 62, 74, 161, 170, 254, 18, 168, 144, 254, 52, 172, 41, 94, 76, 66, 211, 190, 79, 137, 234, 255, 52, 10, 41, 191, 96, 17, 108, 95, 65, 148, 234, 127, 54, 159, 146, 255, 88, 41, 236, 159, 26, 44, 232, 31, 79, 59, 43, 191, 114, 66, 196, 87, 113, 25, 150, 188, 116, 157, 0, 180, 51, 194, 142, 28, 51, 63, 16, 189, 94, 174, 212, 216, 93, 48, 172, 152, 0, 0, 0, 0, 0, 0, 0, 0, 0, 0, 0, 0, 0, 0, 0, 0, 0, 0, 0, 0, 0, 0, 0, 0, 0, 0, 0, 0, 0, 0, 0, 0, 0, 0, 0, 0, 0, 0, 0, 0, 0, 0, 0, 0, 0, 0, 0, 0, 0, 0, 0, 0, 0, 0, 0, 0, 0, 0, 0, 0, 0, 0, 0, 0, 0, 0, 0, 0, 0, 0, 0, 0, 0, 0, 0, 0, 0, 0, 0, 0, 0, 0, 0, 0, 0, 0, 0, 0, 0, 0, 0, 0, 0, 0, 0, 0, 0, 0, 0, 0, 0, 0, 0, 0, 0, 0, 0, 0, 0, 0, 0, 0, 3, 1, 85, 24, 148, 0, 248, 0, 224, 0, 192, 0, 0, 0, 0, 0, 0, 0, 0, 0, 0, 0, 0, 0, 0, 0, 0, 0, 0, 0, 0, 0, 0, 0, 0, 6, 0, 254, 0, 254, 0, 0, 0, 0, 0, 0, 0, 0, 0, 0, 0, 0, 0, 0, 0, 0, 66, 134, 211, 190, 71, 161, 171, 30, 51, 46, 233, 126, 70, 139, 169, 191, 95, 16, 172, 63, 63, 20, 234, 127, 57, 158, 19, 31, 8, 160, 40, 151, 87, 169, 172, 31, 77, 187, 43, 63, 114, 24, 86, 60, 118, 155, 128, 20, 44, 8, 17, 221, 50, 137, 233, 93, 28, 64, 169, 93, 50, 153, 149, 242, 96, 174, 85, 26, 93, 48, 107, 218, 44, 153, 234, 243, 25, 39, 17, 251, 29, 146, 105, 121, 36, 191, 211, 53, 114, 141, 44, 179, 37, 65, 208, 48, 0, 0, 0, 0, 0, 0, 0, 0, 0, 0, 0, 0, 0, 0, 0, 0, 0, 0, 0, 0, 0, 0, 0, 0, 0, 0, 0, 0, 0, 0, 0, 0, 0, 0, 0, 0, 0, 0, 0, 0, 0, 0, 0, 0, 0, 0, 0, 0, 0, 0, 0, 0, 0, 0, 0, 0, 0, 0, 0, 0, 0, 0, 0, 0, 0, 0, 0, 0, 0, 0, 0, 0, 0, 0, 0, 0, 0, 0, 0, 0, 0, 0, 0, 0, 0, 0, 0, 0, 0, 0, 0, 0, 0, 0, 0, 0, 0, 0, 0, 0, 0, 0, 0, 0]'),
(12, 'Bombo Sudani', '[3, 1, 85, 22, 149, 0, 255, 254, 248, 254, 224, 126, 128, 126, 0, 126, 0, 14, 0, 14, 0, 6, 0, 6, 0, 6, 0, 6, 0, 6, 0, 6, 0, 6, 0, 6, 0, 2, 0, 2, 0, 0, 0, 0, 0, 0, 0, 0, 0, 0, 0, 0, 0, 0, 0, 0, 31, 146, 65, 94, 47, 23, 150, 222, 60, 170, 214, 126, 42, 43, 108, 94, 12, 175, 210, 94, 78, 53, 87, 190, 75, 58, 214, 190, 102, 60, 135, 222, 104, 66, 29, 62, 48, 10, 216, 151, 65, 154, 24, 127, 96, 191, 217, 253, 10, 55, 144, 90, 60, 195, 212, 152, 42, 190, 18, 217, 43, 67, 231, 209, 31, 187, 147, 116, 13, 57, 40, 245, 38, 194, 18, 82, 27, 62, 209, 211, 22, 189, 233, 112, 56, 65, 171, 207, 0, 0, 0, 0, 0, 0, 0, 0, 0, 0, 0, 0, 0, 0, 0, 0, 0, 0, 0, 0, 0, 0, 0, 0, 0, 0, 0, 0, 0, 0, 0, 0, 0, 0, 0, 0, 0, 0, 0, 0, 0, 0, 0, 0, 0, 0, 0, 0, 0, 0, 0, 0, 0, 0, 0, 0, 0, 0, 0, 0, 0, 0, 0, 0, 0, 0, 0, 0, 0, 0, 0, 0, 0, 0, 0, 0, 0, 0, 0, 0, 0, 0, 0, 0, 0, 0, 0, 0, 0, 0, 0, 0, 0, 0, 0, 0, 0, 0, 0, 0, 0, 0, 0, 0, 0, 0, 0, 0, 0, 0, 0, 0, 3, 1, 89, 14, 156, 0, 255, 254, 255, 254, 255, 254, 255, 254, 240, 14, 192, 14, 128, 6, 128, 2, 128, 2, 128, 0, 0, 0, 0, 2, 0, 2, 0, 2, 0, 2, 0, 2, 0, 2, 0, 0, 0, 0, 0, 0, 0, 0, 0, 0, 0, 0, 0, 0, 0, 0, 38, 156, 1, 254, 52, 37, 24, 126, 69, 166, 217, 158, 101, 46, 4, 222, 111, 183, 155, 94, 13, 57, 146, 54, 21, 67, 106, 126, 55, 152, 88, 255, 79, 162, 217, 191, 64, 54, 215, 31, 28, 190, 83, 63, 79, 66, 24, 95, 111, 194, 28, 23, 43, 183, 108, 188, 0, 0, 0, 0, 0, 0, 0, 0, 0, 0, 0, 0, 0, 0, 0, 0, 0, 0, 0, 0, 0, 0, 0, 0, 0, 0, 0, 0, 0, 0, 0, 0, 0, 0, 0, 0, 0, 0, 0, 0, 0, 0, 0, 0, 0, 0, 0, 0, 0, 0, 0, 0, 0, 0, 0, 0, 0, 0, 0, 0, 0, 0, 0, 0, 0, 0, 0, 0, 0, 0, 0, 0, 0, 0, 0, 0, 0, 0, 0, 0, 0, 0, 0, 0, 0, 0, 0, 0, 0, 0, 0, 0, 0, 0, 0, 0, 0, 0, 0, 0, 0, 0, 0, 0, 0, 0, 0, 0, 0, 0, 0, 0, 0, 0, 0, 0, 0, 0, 0, 0, 0, 0, 0, 0, 0, 0, 0, 0, 0, 0, 0, 0, 0, 0, 0, 0, 0, 0, 0, 0, 0, 0, 0, 0]');

-- --------------------------------------------------------

--
-- Table structure for table `time_table`
--

CREATE TABLE `time_table` (
  `course_id` int(11) NOT NULL,
  `class` varchar(20) NOT NULL,
  `day` varchar(20) NOT NULL,
  `time` varchar(20) NOT NULL
) ENGINE=InnoDB DEFAULT CHARSET=latin1;

--
-- Dumping data for table `time_table`
--

INSERT INTO `time_table` (`course_id`, `class`, `day`, `time`) VALUES
(0, 'CMPE001', 'FRI', '14:00'),
(0, 'CMPE001', 'MON', '08:00'),
(0, 'CMPE001', 'TUE', '17:00'),
(0, 'CMPE002', 'THR', '15:00'),
(0, 'CMPE003', 'WED', '16:00'),
(1, 'CMPE001', 'TUE', '08:00'),
(1, 'CMPE001', 'WED', '17:00'),
(1, 'CMPE002', 'FRI', '15:00'),
(1, 'CMPE002', 'MON', '09:00'),
(1, 'CMPE003', 'THR', '16:00'),
(2, 'CMPE001', 'THR', '17:00'),
(2, 'CMPE001', 'WED', '08:00'),
(2, 'CMPE002', 'TUE', '09:00'),
(2, 'CMPE003', 'FRI', '16:00'),
(2, 'CMPE003', 'MON', '10:00'),
(3, 'CMPE001', 'FRI', '17:00'),
(3, 'CMPE001', 'MON', '11:00'),
(3, 'CMPE001', 'THR', '08:00'),
(3, 'CMPE002', 'WED', '09:00'),
(3, 'CMPE003', 'TUE', '10:00'),
(4, 'CMPE001', 'FRI', '08:00'),
(4, 'CMPE001', 'TUE', '11:00'),
(4, 'CMPE002', 'MON', '12:00'),
(4, 'CMPE002', 'THR', '09:00'),
(4, 'CMPE003', 'WED', '10:00'),
(5, 'CMPE001', 'WED', '11:00'),
(5, 'CMPE002', 'FRI', '09:00'),
(5, 'CMPE002', 'TUE', '12:00'),
(5, 'CMPE003', 'MON', '13:00'),
(5, 'CMPE003', 'THR', '10:00'),
(6, 'CMPE001', 'MON', '14:00'),
(6, 'CMPE001', 'THR', '11:00'),
(6, 'CMPE002', 'WED', '12:00'),
(6, 'CMPE003', 'FRI', '10:00'),
(6, 'CMPE003', 'TUE', '13:00'),
(7, 'CMPE001', 'FRI', '11:00'),
(7, 'CMPE001', 'TUE', '14:00'),
(7, 'CMPE002', 'MON', '15:00'),
(7, 'CMPE002', 'THR', '12:00'),
(7, 'CMPE003', 'WED', '13:00'),
(8, 'CMPE001', 'WED', '14:00'),
(8, 'CMPE002', 'FRI', '12:00'),
(8, 'CMPE002', 'TUE', '15:00'),
(8, 'CMPE003', 'MON', '16:00'),
(8, 'CMPE003', 'THR', '13:00'),
(9, 'CMPE001', 'MON', '17:00'),
(9, 'CMPE001', 'THR', '14:00'),
(9, 'CMPE002', 'WED', '15:00'),
(9, 'CMPE003', 'FRI', '13:00'),
(9, 'CMPE003', 'TUE', '16:00');

--
-- Indexes for dumped tables
--

--
-- Indexes for table `admins`
--
ALTER TABLE `admins`
  ADD UNIQUE KEY `admin_id` (`admin_id`) USING BTREE;

--
-- Indexes for table `att_record`
--
ALTER TABLE `att_record`
  ADD KEY `courses_att_record` (`course_id`),
  ADD KEY `student_att_record` (`student_id`);

--
-- Indexes for table `courses`
--
ALTER TABLE `courses`
  ADD PRIMARY KEY (`id`);

--
-- Indexes for table `enrolment`
--
ALTER TABLE `enrolment`
  ADD PRIMARY KEY (`student_Id`,`course_id`),
  ADD KEY `course_enrolment` (`course_id`);

--
-- Indexes for table `instructor`
--
ALTER TABLE `instructor`
  ADD PRIMARY KEY (`instructor_id`);

--
-- Indexes for table `instructor_courses`
--
ALTER TABLE `instructor_courses`
  ADD KEY `instructor_id` (`instructor_id`),
  ADD KEY `instructor_course` (`course_id`);

--
-- Indexes for table `students`
--
ALTER TABLE `students`
  ADD PRIMARY KEY (`id`);

--
-- Indexes for table `time_table`
--
ALTER TABLE `time_table`
  ADD PRIMARY KEY (`course_id`,`class`,`day`,`time`);

--
-- Constraints for dumped tables
--

--
-- Constraints for table `att_record`
--
ALTER TABLE `att_record`
  ADD CONSTRAINT `courses_att_record` FOREIGN KEY (`course_id`) REFERENCES `courses` (`id`) ON DELETE NO ACTION ON UPDATE NO ACTION,
  ADD CONSTRAINT `student_att_record` FOREIGN KEY (`student_id`) REFERENCES `students` (`id`) ON DELETE NO ACTION ON UPDATE NO ACTION;

--
-- Constraints for table `enrolment`
--
ALTER TABLE `enrolment`
  ADD CONSTRAINT `course_enrolment` FOREIGN KEY (`course_id`) REFERENCES `courses` (`id`) ON DELETE NO ACTION ON UPDATE NO ACTION,
  ADD CONSTRAINT `student_enrolment` FOREIGN KEY (`student_Id`) REFERENCES `students` (`id`) ON DELETE NO ACTION ON UPDATE NO ACTION;

--
-- Constraints for table `instructor_courses`
--
ALTER TABLE `instructor_courses`
  ADD CONSTRAINT `instructor_course` FOREIGN KEY (`course_id`) REFERENCES `courses` (`id`),
  ADD CONSTRAINT `instructor_id` FOREIGN KEY (`instructor_id`) REFERENCES `instructor` (`instructor_id`);

--
-- Constraints for table `time_table`
--
ALTER TABLE `time_table`
  ADD CONSTRAINT `courses_time_table` FOREIGN KEY (`course_id`) REFERENCES `courses` (`id`) ON DELETE NO ACTION ON UPDATE NO ACTION;
COMMIT;

/*!40101 SET CHARACTER_SET_CLIENT=@OLD_CHARACTER_SET_CLIENT */;
/*!40101 SET CHARACTER_SET_RESULTS=@OLD_CHARACTER_SET_RESULTS */;
/*!40101 SET COLLATION_CONNECTION=@OLD_COLLATION_CONNECTION */;
